{"cameraMode":{"drawMode":0,"name":"Shaded","section":"Shading Mode"},"sceneLighting":true,"audioPlay":false,"sceneViewState":{"showFog":true,"showMaterialUpdate":true,"showSkybox":true,"showFlares":true,"showImageEffects":true,"showParticleSystems":true},"in2DMode":false,"pivot":{"x":-13.990647315979004,"y":0.09197998046875,"z":-3.3236961364746095},"rotation":{"x":-0.6061780452728272,"y":-0.010261121205985546,"z":0.007821420207619667,"w":-0.7952243685722351},"size":159.40565490722657,"orthographic":false}